{
  "mappings": {
    "_default_": {
      "_all": {
        "enabled": true,
        "norms": {
          "enabled": false
        }
      },
      "dynamic_templates": [
        {
          "template1": {
            "mapping": {
              "doc_values": true,
              "ignore_above": 1024,
              "index": "not_analyzed",
              "type": "{dynamic_type}"
            },
            "match": "*"
          }
        }
      ],
      "properties": {
        "@timestamp": {
          "type": "date"
        }
      }
    }
  },
  "settings": {
    "index.refresh_interval": "5s"
  },
  "template": "sqlbeat-*"
}